product_ID,name,year,num_parts,price,img_link,primary_color,secondary_color,description,category
1,Star Wars Super Pack 3 in 1,2009,3,300,https://m.media-amazon.com/images/I/51bwtCxXF2L._AC_SX425_.jpg,Grey,Black,"As the Battle of Geonosis‚Ñ¢ rages on, Jedi Master Stass Allie and a Clone Trooper‚Ñ¢ spot a deadly LEGO¬Æ Star Wars‚Ñ¢ Homing Spider Droid‚Ñ¢ in the distance. Overpower the droid before it attacks with its articulated legs, rotating head, elevating lower gun and top-mounted flick missile! Then, take on 2 Super Battle Droids‚Ñ¢! Includes 4 minifigures with weapons: Stass Allie, Clone Trooper and 2 Super Battle Droids.

Includes 4 minifigures with weapons: Stass Allie, Clone Trooper and 2 Super Battle Droids‚Ñ¢
Features articulated legs, rotating head, elevating lower gun and top-mounted flick missile
Weapons include a Lightsaber and a blaster rifle
Move the legs, rotate the head and fire the flick missile!
Use Stass Allie‚Äôs Jedi powers to stop the attack!
Recreate awesome battle scenes from Star Wars‚Ñ¢: Episode II Attack of the Clones
Build an even bigger Battle of Geonosis with 75015 Corporate Alliance Droid‚Ñ¢, 75019 AT-TE‚Ñ¢ and 75021 Republic Gunship‚Ñ¢!
Measures over 7"" (20cm) high, 10"" (26cm) long and 7"" (19cm) wide",Star Wars
2,LEGO¬Æ DC Universe Super Heroes Superman‚Ñ¢ Minifigure Clock,2013,0,12,https://m.media-amazon.com/images/I/71AUw95nXkL._AC_SL1500_.jpg,Blue,Red,"Hit the streets of Metropolis or just hit snooze with the Superman‚Ñ¢ Minifigure Clock! Make your LEGO¬Æ d√©cor collection fun and functional with a digital, lighted display and alarm clock. Makes a great gift for fans of the LEGO DC Universe Super Heroes building sets!


Features jumbo Superman‚Ñ¢ minifigure with a fabric cape and digital LCD display alarm clock with snooze
Movable wrists, legs, arms and head
Easy-to-read digital LCD display
Makes a great gift for fans of the LEGO¬Æ DC Universe Super Heroes building sets!
Measures over 9"""" (22cm) tall",DC
3,Harry Potter Classic Kit,2011,3,80,https://m.media-amazon.com/images/I/81YSK5uUQoL._AC_SL1500_.jpg,Tan,Brown,"Young wizards will recall the Battle of Hogwarts (76415) from the Harry Potter and the Deathly Hallows movie - Part 2 with this LEGO Harry Potter playset for boys and girls aged 9 and up. This LEGO modular building set contains a detailed brick section of the Hogwarts Castle building, which can be disassembled during the battles between Voldemort and Harry Potter in the yard. The toy castle modules can be rearranged to create the bridge of another memorable setting from the famous saga, and this collectible Harry Potter set can be linked to others in the series to create an entire Hogwarts Castle. Kids can bring magical stories to life with the figure of Nagini, along with the 6 LEGO minifigures of Neville Paciock with the Sword of Gryffindor, Scabior, Molly Weasley, Bellatrix Lestrange, Harry Potter and Voldemort; the latter two feature a wand with connectable LEGO elements to create a spell effect. Using the Aura Builder app, young magicians, witches and muggles can experience an even more fun building adventure with digital tools like zoom and rotation, as well as saving sets and tracking progress. This Hogwarts Castle model measures 28cm high, 44cm wide and 11cm deep. Contains 728 pieces.",Harry Potter
4,Ahsoka's Starfighter and Vulture Droid,2009,290,150,https://m.media-amazon.com/images/I/91Rk1i6hZrL._AC_SL1500_.jpg,Red,White,"Using her wits, piloting skills and Jedi training, Ahsoka flies her Clone Wars starfighter in a daring space battle against Separatist droids. Fire the flick-launching missiles, but watch out for the buzz droids! Vulture droid converts from fighter to walker mode!",Star Wars - Flight
5,Emergency Ambulance and Snowboarder,2024,79,20,https://www.lego.com/cdn/cs/set/assets/blt9ca0055e7e1afab8/60403_alt1.png?format=webply&fit=bounds&quality=75&width=800&height=800&dpr=1,Blue,White,"Look forward to the shared gaming experience with your little builder. LEGO¬Æ City Ambulance & Snowboarder (60403) is an ambulance playset that's equipped for off-road rescue missions with chunky tyres. In addition, the set includes a backdrop depicting a snow-covered skate park, as well as two minifigures (snowboarder and paramedic) that invite imaginative stories.

This easy-to-build ambulance playset includes a LEGO starter building element and picture guides. In addition, the LEGO Builder app ‚Äì our digital building guide ‚Äì has intuitive zoom and rotation features that let your child view virtual 3D model views from any angle as they build.

Your city, no limits! LEGO City sets offer thrilling action with cool vehicles and realistic constructions. Great characters invite you to imaginative role-play and let your child re-enact real events. For countless other ways to play, you can also combine this ambulance with other LEGO City models sold separately.

Toy Ambulance: Look forward to the shared play experience with your little builder. LEGO¬Æ City Ambulance and Snowboarder is a great building and play set for kids aged 4 and up
Contents of the box: Everything children need to build an ambulance and a snow-covered skate park. The building set also includes two minifigures (snowboarder and paramedic)
Great set for children who like to play imaginatively: With the ambulance, the stretcher and the syringe, children can perform many rescue missions
Immersive building and play set with interactive instructions ‚Äì In the LEGO¬Æ Builder app, your child can explore and save virtual playsets, track construction progress, and zoom in and rotate 3D model views as they build
Great gift for any occasion: This building set is a nice spontaneous reward or a cool Christmas gift for boys and girls aged 4 and up
Welcome to a creative play world ‚Äì for more exciting adventures, all you have to do is combine this set with other LEGO¬Æ City models sold separately
City Without Limits ‚Äì In LEGO¬Æ City, kids can let their imaginations run wild and play creatively with buildings, vehicles and figures that invite them to build and explore
Dimensions: The ambulance from this 79-piece playset is 7 cm high, 13 cm long and 7 cm wide",Personal - Vehicle
6,Ferrari F1 Racer 1:8,2006,1245,65,https://images.brickset.com/sets/large/8674-1.jpg?200606120539,Red,Black,"At 1:9 scale and almost 1,000 pieces, this is the biggest official Ferrari F1 racer ever built with LEGO bricks! Incredible real-world features include a removable front spoiler and tires that really steer. Packed with realistic Ferrari details! Working steering system turns front tires! Front spolier is removeable! Measures 20"" (52cm) long and 7"" (18cm) wide! Tires measure 2'¬Ω (6cm) wide!",Car - Vehicle
7,Air Canada Jet Plane,1988,89,90,https://images.brickset.com/sets/images/611-2.jpg?200507270350,White,Red,611 Air Canada Jet Plane is a Promotional Universal Building Set Airport set released by Air Canada in 1988. The set includes a micro-scale Air Canada red and white plane.,Flight - Vehicle - Promotional
8,Batman's Buggy: The Escape of Mr. Freeze,2008,76,95,https://images.brickset.com/sets/images/7884-1.jpg?200805081137,Black,White,"Batman's Buggy is longer and thinner than his adversary's kart. It uses two different types of wheels with larger ones in the front, and smaller ones in the back. The back of the buggy has exposed exhaust pipes, that rest on top of a Bright Blue plate, which does not fit the buggy's colour scheme of Black with Bright Yellow accents. At the back of the buggy, there is a rudder shaped like a Bat's wing, and a Red/Yellow BIONICLE flame sword used to try and create the illusion Batman's travelling as high speeds. In the front, there's a harpoon gun mounted on top of the buggy's front. Turning the grapple gun supposedly steers the buggy as there is no other hint of a steering mechanism.

7884 Mr
Mr. Freeze's Kart

Mr. Freeze's Kart is only six studs long, and two studs wide (not counting the wheels and their protruding guards). All four of it's wheels are White and the same size. The wheel guards are two Medium Blue Part 41854 with a Medium Stone Grey raised grill plate in between. On the back of the Kart is a Transparent glass case holding a Transparent Light Blue diamond with an attached black hose, which connects the case to Mr. Freeze's ice gun and supposedly powers it. In the front of the Kart there is a 1x2 plate with a protruding bar and a 1x2 plate with a handle. In between the glass case and front, there is just enough room for Mr. Freeze to sit, but not enough for a steering mechanism.",Vehicle - Motorbike - Person
9,Ice Cream Truck,2020,200,14,https://www.lego.com/cdn/cs/set/assets/blt136fb371e68cccbd/60253.jpg?format=webply&fit=bounds&quality=75&width=800&height=800&dpr=1,Blue,Yellow,"Children can become everyday heroes with this fun LEGO City Ice-Cream Van (60253) truck toy for 5 + years old boys and girls. Kids get to save the day by serving cool ice cream in cones or popsicles to sweltering LEGO City citizens! And with room inside the van for the ice-cream lady to work and drive, plus a skateboarding customer with a cute dog, there‚Äôs plenty of scope for independent role-play fun. You‚Äôll find building instructions for the LEGO City Ice-Cream Van toy car in the box. Or you can hop online and download Instructions PLUS, part of the LEGO Life app for smartphones and tablets. With amazing zoom and rotate viewing tools, this interactive building guide quickly turns budding LEGO builders into master builders. The ice cream truck toy makes a fun holiday, birthday or Christmas gift for kids age 5 +. The ice cream truck toy is over 4"" (11cm) high, 5"" (15cm) long and 2"" (6cm) wide. Contains 200 Pieces.
Colorful Ice-Cream Van - Features a vibrant ice-cream van toy truck with amusing stickers, removable driver's cabin roof, and wide-opening side doors for imaginative play.
Summer Fun Toy - This truck toy for 5+ year old girls and boys lets kids enjoy summer fun with an easy-access van interior and a removable van roof.
Serve Ice-Cream Treats - Kids can help drive the van, serve ice-cream cones and popsicles from the serving window, and assist the skateboarder in performing cool tricks.
Inclusive Minifigures - Includes 2 minifigures and a dog figure, plus an array of awesome accessories: a popsicle, cone, safety helmet, and a green money bill.
Interactive Building App - Digital Instructions PLUS guide via the free LEGO Life app for smart devices helps kids to zoom, rotate, and visualize the model as they build.
Perfect Gift Idea - The supercool ice cream van toy makes a fun holiday, birthday, or Christmas gift for 5+ year old girls and boys who love summer toys and building sets.",Vehicle - Car
10,Iconic Chess Set,2017,1450,46,https://www.lego.com/cdn/cs/set/assets/blt46a07a9b068b46c2/40174.jpg?format=webply&fit=bounds&quality=75&width=800&height=800&dpr=1,Black,White,"Use classic LEGO¬Æ bricks to build your own chess board and then build all the playing pieces too. This set is ideal to take and play wherever you like, as the pieces store conveniently inside the board. It can also be used to play checkers.

Includes a buildable chessboard and buildable playing pieces.
Board opens to store all the playing pieces inside.
Can also be used to play checkers.
This set includes over 1,400 pieces.
Board measures over 10‚Äù (26cm) square.",Game
11,Fire Rescue Helicopter,2024,85,6,https://www.lego.com/cdn/cs/set/assets/bltd5d0924daab53e4a/60411_alt1.png?format=webply&fit=bounds&quality=75&width=800&height=800&dpr=1,Black,Red,"Send kids‚Äô imaginations skywards with the LEGO¬Æ City Fire Rescue Helicopter toy (60411) for ages 5 and over, featuring 2 LEGO water elements launchers, spinnable rotors and a cool cockpit for the firefighter pilot minifigure. Treat your everyday hero to a world of action-packed fire rescue adventures with this fun playset.

Take kids on an exciting building journey with the LEGO Builder app. Here they can explore and save toy playsets, track their own building progress, and zoom in and rotate to view the models from all angles as they build.

LEGO City building sets come with realistic vehicles, feature-rich buildings and inspiring characters for imaginative play without limits. Kids can add this toy fire helicopter set to others (sold separately) from the LEGO City range for even bigger adventures.

Toy fire helicopter for ages 5 and up ‚Äì LEGO¬Æ City Fire Rescue Helicopter building set for action-packed firefighting adventures
What‚Äôs in this building set? ‚Äì Includes everything kids need to build a toy fire rescue helicopter and firefighter pilot minifigure
Imaginative play ‚Äì Kids can pop the pilot into the opening cockpit, spin the rotors and fire LEGO¬Æ water elements from the helicopter‚Äôs toy water cannons
Helicopter toy building set with an interactive guide ‚Äì Discover the LEGO¬Æ Builder app where kids can zoom in and rotate models in 3D, track building progress and explore and save virtual playsets
A small LEGO¬Æ gift for kids aged 5+ who love creative play ‚Äì Treat your everyday hero with this fun fire rescue helicopter playset for fans of action-packed play
Endless play possibilities ‚Äì Kids unleash more fun and adventures when they add this set to others (sold separately) from the LEGO¬Æ City Fire range
A city without limits ‚Äì LEGO¬Æ City is a place where kids can set their limitless imaginations free, with structures, vehicles and citizens that motivate them to build, create, explore and play
Dimensions ‚Äì This 85-piece model helicopter measures over 3.5 in. (9 cm) high, 8.5 in. (22 cm) long and 2.5 in. (6 cm) wide",Vehicle - Flight
12,King Tut,2017,7,4,https://images.brickset.com/sets/large/71017-7.jpg?201611220640,Red,Tan,"King tut is a good figure with great printed dual moulded legs and a 50|50 on the accessories being interesting .

The Minifigure -

The figure has a nice head dress with gold printing , a disgruntled facial expression , a red older style cape , an alright torso , and some great printed legs which are dual moulded and a have interesting side prints .

The accessories -

The accessories include a green snake and a very cool snake head staff . The stand is the standard black CMF stand .",Minifig
13,Coca-Cola Vending Machine,2002,6,8,https://www.brickeconomy.com/resources/images/sets/lego-4465-1_large.jpg,Red,Black,LEGO 4465 Vending Machine was a 7 piece Sports promotional set released in 2002. The set was part of the Coca-Cola football promotion series in 2002,Promotional - Food
14,Zoo Train,2012,12,18,https://images.brickset.com/sets/images/6144-1.jpg?201206040617,Red,Yellow,"Take the giraffe with you in your DUPLO push train!

Attention, the train is leaving! The train driver takes the cute baby giraffe to his new home. Load the cub onto the train and carefully drive the little giraffe to its new home! With DUPLO push train and train driver figure.

With DUPLO train driver figure
Also includes a push pull with trailer
With DUPLO baby giraffe and several basic building blocks
The train has a door that can be opened
Load the giraffe onto the train!
Take the train!
DUPLO products are especially suitable for small hands and offer great building fun
Ideal as a gift for preschoolers
The train is 25 cm long, 6 cm wide and 10 cm high",Vehicle - Train - Animal
15,Motorbike,1999,28,5,https://images.brickset.com/sets/large/1259-1.jpg?199905261030,Yellow,Black,Motorbike is a TECHNIC set released in 1999. It contains 28 pieces. It has a simple rubber band suspension mechanism.,Vehicle - Motorbike
16,Airport,2015,29,17,https://images.brickset.com/sets/large/10590-1.jpg?201409290839,Red,Yellow,"Get ready for take-off at the LEGO¬Æ DUPLO¬Æ Airport! Build the luggage check-in and make sure your suitcases are taken to the plane. Drive the refueling truck over to fill up the plane. Then help the pilot take his seat and make sure all the passengers are on board ready to fly away. This set will keep any little pilot entertained as they master early building skills and enjoy playing with the two iconic airport vehicles. Use this set to talk to your child about what happens at the airport beforetheir first trip on a plane! DUPLO bricks are brightly colored and designed especially to be safe for smaller hands. Includes three DUPLO figures: a passenger, pilot and an airport worker.

Includes 3 LEGO¬Æ DUPLO¬Æ figures: a passenger, pilot and an airport worker
Features a buildable plane, buildable refueling vehicle and a luggage check-in desk
Accessories include 2 suitcases, gas pump, wrench, luggage basket and travel decorated brick
Includes extra bricks to extend the building possibilities
Fill the plane up ready for a long flight
Check your luggage in at the desk
Board the plane and fly away!
Create all kinds of role play fun at the Airport with this exciting new set
Help young children master basic building skills
Play out airport routines and air travel before your own holiday adventures
DUPLO products are specially designed to be fun and safe for younger hands
Luggage check-in measures over 6"" (16cm) high, 2"" (6cm) wide and 2"" (6cm) deep
Plane measures over 3"" (10cm) high, 7"" (19cm) long and 7"" (18cm) wide
Refueling vehicle measures over 5"" (14cm) high, 3"" (10cm) long and 1"" (5cm) wide
Makes an ideal addition toany DUPLO Town collection",Flight - Building
17,Surveillance Chopper,1999,30,12,https://images.brickset.com/sets/images/6461-1.jpg,White,Grey,"Item Info
Year Released: 1999
Weight: 58g
Item Dim.: 14.2 x 7.1 x 4.7 cm
Instructions: Yes	Item Consists Of
25 Parts
1 Minifigure",Flight - Vehicle
18,LEGO Solar Cell,1999,1,5,https://images.brickset.com/sets/images/9912-1.jpg?200602191056,Green,Black,9912 LEGO Solar Cell is a Solar Cell to power a LEGO motor. It is included in 9684 Renewable Energy Set II,Part - Energy
19,Battery Box,1976,1,2,https://images.brickset.com/sets/large/108-1.jpg?201004210200,Brown,Brown,A container to hold batteries,Energy - Part
20,4.5V Small Motor With Wheels (Small Version),1966,8,3,https://images.brickset.com/sets/large/100-1.jpg?201609280928,Blue,Red,100 Motor with Wheels and Wire is a Trains Supplementary set released in 1966.,Part - Train - Vehicle
21,"Wheel Sets, Black",1987,2,2,https://images.brickset.com/sets/images/5070-1.jpg,Black,Black,A set of wheels,Part - Vehicle
22,Baseplate,1978,2,3,https://images.brickset.com/sets/large/745-1.jpg?201801070239,Green,Green,"A foundation for creative play ‚Äì This 32x32-stud baseplate provides an open landscape for all kinds of LEGO creations
Sturdy and durable ‚Äì 1,024 aligned studs provide builders with a firm and durable grip for their LEGO building bricks
An open-ended world of creative possibilities ‚Äì From gardens and forests to alien landscapes, kids can build whatever they imagine
A gift for all occasions ‚Äì The LEGO Classic Green Baseplate (11023) can be given as a birthday, holiday or any-other-day gift for kids aged 4 and up
Designed for creative play ‚Äì Measures over 9.5 in. (25cm) square, so there‚Äôs plenty of room for kids‚Äô building projects and displays
Check out other LEGO baseplates ‚Äì 11024 gray for town streets, 11026 white for snowy winter landscapes, and 11025 blue for ocean adventures",Part
23,Brick 2x2,1950,1,1,https://www.lego.com/cdn/product-assets/element.img.lod5photo.192x192/300326.jpg,Black,Black,"A 2x2 black single LEGO brick is a small building block measuring two studs by two studs in width and length, and with a height equivalent to the thickness of one LEGO piece. Its color is a solid black, providing a sleek and versatile appearance for various building projects. With its single leg, it can easily interlock with other LEGO bricks of compatible size and shape, allowing for endless creative possibilities in constructing structures, vehicles, and imaginative designs",Part
24,Stitch,2024,65,10,https://www.lego.com/cdn/cs/set/assets/blt2a6bae345f3aa198/40674.png?format=webply&fit=bounds&quality=75&width=640&height=640&dpr=1,Blue,Pink,"This BrickHeadz‚Ñ¢ buildable Disney toy figure features the cute and mischievous Stitch from Disney‚Äôs Lilo and Stitch movie. The much-loved character is authentically detailed with 5 different shades of blue. The model stands on a sturdy baseplate, making the buildable BrickHeadz Stitch (40674) figure perfect for anyone aged 10 and up to play with and put on display.
LEGO¬Æ BrickHeadz‚Ñ¢ Stitch buildable Disney toy for kids ‚Äì Boys and girls aged 10+ who are fans of Disney‚Äôs Lilo and Stitch can build cute and mischievous Stitch in brightly colored BrickHeadz style
Authentically detailed model ‚Äì The buildable Stitch toy features 5 different shades of blue and stands on a sturdy baseplate
Many ways to enjoy ‚Äì BrickHeadz‚Ñ¢ models are fun to build, play with and put on display for all to admire
More to collect ‚Äì Fans can collect and display this Stitch figure with others (sold separately) in the LEGO¬Æ BrickHeadz‚Ñ¢ range
Treat kids and fans of Stitch ‚Äì This collectible BrickHeadz‚Ñ¢ character is a gift idea for any LEGO¬Æ builder, model-maker or fan of Disney‚Äôs Lilo and Stitch
Big fun ‚Äì This 152-piece modelstands over 3 in. (9 cm) tall on a sturdy baseplate",Character - Disney
25,Flying Ford Anglia,2024,165,15,https://www.lego.com/cdn/cs/set/assets/blt44c922efc70452ac/76424.png?format=webply&fit=bounds&quality=75&width=640&height=640&dpr=1,Blue,White,"Recreate Harry Potter‚Ñ¢ and Ron Weasley‚Äôs thrilling journey to Hogwarts‚Ñ¢ in the Flying Ford Anglia‚Ñ¢ (76424) car with this fantasy toy playset for kids aged 7+. The LEGO¬Æ brick-built adventure toy car features opening doors and a removable roof so it‚Äôs easy to place the Harry Potter and Ron Weasley‚Ñ¢ minifigures and Hedwig‚Ñ¢ owl figure inside. There is also space in the trunk for the suitcase, Harry and Ron‚Äôs wands and Ron‚Äôs pet rat, Scabbers‚Ñ¢.

This high-quality kids‚Äô building toy makes the best everyday treat or birthday gift for boys and girls to role-play an iconic scene from Harry Potter and the Chamber of Secrets‚Ñ¢ and make up their own magical stories.

This adventure vehicle playset can be used with other LEGO Harry Potter building sets (sold separately) to inspire the imaginations of young wizards, witches and Muggles‚Ñ¢ and give them even more play possibilities.

LEGO¬Æ Harry Potter‚Ñ¢ fantasy toy car playset ‚Äì Give kids a magical introduction to the Wizarding World with this buildable model of the Weasleys‚Äô enchanted Flying Ford Anglia‚Ñ¢ car
Adventure toy playset featuring 4 LEGO¬Æ Harry Potter‚Ñ¢ characters ‚Äì Harry Potter and Ron Weasley‚Ñ¢ minifigures, Hedwig‚Ñ¢ and Scabbers‚Ñ¢ figures, plus a suitcase and 2 wand elements
Ford Anglia toy car ‚Äì Features opening doors, a removable roof, seats for the 2 minifigures and space behind for Hedwig‚Ñ¢, plus an opening trunk with room inside for the suitcase, wands and Scabbers‚Ñ¢
Fun building toy for role play ‚Äì Kids can recreate the iconic Harry Potter and the Chamber of Secrets‚Ñ¢ scene where Harry and Ron fly the car to Hogwarts‚Ñ¢
High-quality gift idea for Harry Potter‚Ñ¢ fans ‚Äì This building set makes a fun everyday treat or birthday gift for kids aged 7 and up who are discovering the magic of the Wizarding World
Fun combos ‚Äì This LEGO¬Æ Harry Potter‚Ñ¢ car toy can be mixed with models from other LEGO Harry Potter building sets (sold separately) for extra play possibilities
Part of an extensive range ‚Äì LEGO¬Æ Harry Potter‚Ñ¢ toy building sets let young wizards, witches and Muggles‚Ñ¢ role-play iconic scenes, make up their own adventures or simply display the models
Compact, 165-piece buildable playset ‚Äì The Flying Ford Anglia‚Ñ¢ model measures over 2 in. (5 cm) high, 4.5 in. (12 cm) long and 2.5 in. (6 cm) wide",Harry Potter - Minifig
26,Roses,2021,97,15,https://www.lego.com/cdn/cs/set/assets/blt4daf92ecc0e1f935/40460.jpg?format=webply&fit=bounds&quality=75&width=800&height=800&dpr=1,Red,Green,"Mark a special occasion with these LEGO¬Æ Roses (40460). They‚Äôre the perfect gift for Valentine‚Äôs Day, Mother‚Äôs Day or just to let someone know how much they‚Äôre cherished ‚Äì and they‚Äôll bring a beautiful burst of color when displayed in a vase. This easy-to-assemble set comes with 2 red blooms, green leaves and length-adjustable stems. Combine with LEGO Tulips (40461) to add extra color to this brick-built bouquet. The set is also compatible with the LEGO Flower Bouquet (10280).


Show someone how special they are with this LEGO¬Æ Roses (40460) building kit. It makes the perfect Valentine‚Äôs, Mother‚Äôs Day or just-because gift.
Includes 2 buildable red roses with adjustable stems.
Each rose stem measures over 10 in. (26 cm) long ‚Äì perfect for displaying in a vase.",Floral - Colorful
27,Exotic Peacock,2024,355,20,https://www.lego.com/cdn/cs/set/assets/bltfa6c9196a514bb03/31157.png?format=webply&fit=bounds&quality=75&width=800&height=800&dpr=1,Blue,Green,"Boys and girls aged 7+ can build, play with and display 3 different exotic LEGO¬Æ animal toys with this impressive Creator Exotic Peacock (31157) 3in1 building set. It features a peacock toy with a set of beautiful and detailed tail feathers that can be folded down or proudly spread out.

This LEGO Creator 3in1 set gives kids 3 different build-and-play experiences with the same set of bricks. They can build a peacock figurine toy, rebuild it into a dragonfly toy with posable wings and tail on a lily-pad stand, or a colorful butterfly toy with posable wings. All 3 playable models make for attractive display items on a shelf or bedside table.

LEGO Creator 3in1 toys make great gifts for kids, with 3 different models to create in every box. Kids will be excited to build, rebuild and build again. 3in1 sets keep them happy for countless hours and offer a range of models that appeal to their biggest passions, including superfast vehicles, amazing animals and detailed city scenes.

3 LEGO¬Æ animal toys including a peacock toy in 1 box ‚Äì Boys and girls aged 7+ can build and rebuild 3 different models using the same bricks with this LEGO Creator Exotic Peacock 3in1 set
Endless animal play possibilities ‚Äì Kids can play out their own stories with 3 different animal playsets: a peacock figurine toy, a dragonfly toy and a butterfly toy
Posable figures ‚Äì The peacock bird toy can fold down and open its colorful and detailed feathers, the dragonfly toy has posable wings and tail, and the butterfly toy has posable wings
Playable display models ‚Äì All 3 LEGO¬Æ toys can be displayed after playtime: the peacock bird toy can stand alone, and the dragonfly and butterfly toys come with display stands
Gift for ages 7+ ‚Äì This 3in1 toy provides a fun build-and-play experience and can be given as an everyday gift for a child who deserves a treat
More 3in1 fun ‚Äì Expand the 3in1 fun with other sets (sold separately) from the LEGO¬Æ Creator range, including amazing animals, cool vehicles and detailed city scenes
LEGO¬Æ Creator toys ‚Äì Every 3in1 set lets kids build 3 different models inspired by some of their biggest passions, including animals, vehicles and detailed city scenes
Measurements ‚Äì This 355-piece LEGO¬Æ building set features a buildable peacock toy standing over 7.5 in. (20 cm) tall",Colorful - Animal
28,Spider Tank,2023,526,50,https://www.lego.com/cdn/cs/set/assets/blt3de19d1ec415c640/75361.png?format=webply&fit=bounds&quality=75&width=800&height=800&dpr=1,Grey,Grey,"Play out exciting battle action from Star Wars: The Mandalorian Season 3 with this LEGO¬Æ brick-built Spider Tank toy (75361) for ages 9 and up. It features flexible legs, grabbing claws, an opening cockpit with space for a LEGO minifigure, and an elevating hatch with 2 stud shooters. The set also includes 3 popular Star Wars‚Ñ¢ characters ‚Äì The Mandalorian with a darksaber, blaster pistol and jetpack element, Bo-Katan Kryze with 2 blasters and a jetpack element, plus a LEGO figure of Grogu (the character affectionately known as ‚ÄúBaby Yoda‚Äù by fans).

A helping hand
Let the LEGO Builder app guide your youngster on an intuitive building adventure, allowing them to zoom in and rotate digital 3D versions of the construction model as they build, track their progress and more.

Gift idea
This premium-quality building toy makes an awesome gift for kids who like to be part of the latest trends. It‚Äôs part of a huge range of LEGO Star Wars building sets that will thrill Star Wars fans of all ages.

Buildable Spider Tank toy playset (75361) ‚Äì Kids can team up with their heroes to battle against a detailed, stud-shooting LEGO¬Æ brick model of the Spider Tank from Star Wars: The Mandalorian Season 3
3 LEGO¬Æ Star Wars‚Ñ¢ characters ‚Äì The Mandalorian with a darksaber, blaster pistol and jetpack element, Bo-Katan Kryze with 2 blasters and a jetpack element, plus a Grogu LEGO figure
Built for action ‚Äì The Spider Tank features flexible legs, grabbing claws, an opening cockpit with space for a LEGO¬Æ minifigure, and an elevating hatch with 2 stud shooters
Fun gift idea for kids aged 9 and up ‚Äì Give this 526-piece building toy as a holiday gift, birthday present or special reward to Star Wars: The Mandalorian fans
Build and play ‚Äì The buildable Spider Tank model measures over 3.5 in. (9 cm) high, 7.5 in. (20 cm) long and 6.5 in. (17 cm) wide
Intuitive instructions ‚Äì Using the LEGO¬Æ Builder app, kids can zoom in, rotate sets in 3D and visualize a digital version of the real-life construction model as they build
Collectible building toys for all ages ‚Äì LEGO¬Æ Star Wars‚Ñ¢ sets enable kids and adult Star Wars fans to recreate iconic scenes, create their own action-adventures or simply display the buildable models
Premium quality ‚Äì Ever since 1958, LEGO¬Æ bricks have met stringent industry standards, ensuring that they connect consistently and securely
Safety assurance ‚Äì LEGO¬Æ components are dropped, heated, crushed, twisted and carefully analyzed to make sure that they comply with rigorous global safety standards",Animal - Minifig
29,John Deere 9700 Forage Harvester,2024,559,40,https://www.lego.com/cdn/cs/set/assets/blta12c30dbf0128a83/42168.png?format=webply&fit=bounds&quality=75&width=800&height=800&dpr=1,Green,Yellow,"Kids who love farm equipment toys can enjoy lots of creative play with the LEGO¬Æ Technic‚Ñ¢ John Deere 9700 Forage Harvester (42168) for boys and girls aged 9+. The model comes in the classic John Deere colors and features back wheel steering and a forage header tool on the front, which kids can raise, lower and spin to replicate the actions of a real corn-cutting machine. This farming toy set makes a great birthday or special occasion gift idea for kids who love farming vehicles and creative play.

LEGO Technic construction sets feature realistic details that introduce young LEGO builders to engineering in an approachable way. Give kids a fun building adventure with the LEGO Builder app. Here they can zoom in and rotate models in 3D and track their progress.

John Deere toy for kids aged 9+ ‚Äì Inspire young farming fans to build and explore this LEGO¬Æ Technic‚Ñ¢ John Deere 9700 Forage Harvester toy for boys and girls
Forage header tool ‚Äì Kids can learn how a real John Deere harvester works as they raise, lower and spin the forage header tool to replicate the actions of a real corn-cutting machine
Authentic steering ‚Äì The model features back wheel steering just like on a real John Deere harvester so kids can enjoy lots of realistic vehicle role play
A gift idea for kids who love John Deere equipment ‚Äì This set makes a fun birthday gift for boys and girls who love vehicle toys
A fun way to build ‚Äì Let the LEGO¬Æ Builder app guide kids on an intuitive building adventure, where they can save sets, track progress, zoom in and rotate models in 3D while they build
Engineering insights ‚Äì LEGO¬Æ Technic‚Ñ¢ buildable model sets (sold separately) feature realistic movement and mechanisms that introduce young LEGO builders to the universe of engineering
Measurements ‚Äì 559-piece set with a harvester measuring over 4 in. (11 cm) high, 10 in. (25 cm) long and 8.5 in. (22 cm) wide",Vehicle - Farm
30,Retro Roller Skate,2024,342,30,https://www.lego.com/cdn/cs/set/assets/blt2afcd0d2c787e72f/31148.png?format=webply&fit=bounds&quality=75&width=800&height=800&dpr=1,Green,Pink,"Creative kids aged 8+ can go back in time with this colorful LEGO¬Æ Creator Retro Roller Skate (31148) building set. It features a LEGO roller skate toy with 4 moving pink wheels, a pink stopper, thick yellow laces and a set of colorful pieces for kids to decorate the heel of the boot with their own designs.

This LEGO Creator 3in1 set gives kids 3 different build-and-play experiences with the same set of bricks. They can build a roller skate toy and rebuild it into a colorful retro mini skateboard with 4 moving wheels or a retro boom box radio with a small antenna. All 3 models make eye-catching display items for kids after their playtime adventures.

LEGO Creator 3in1 toys make great gifts for kids with 3 different models to create in every box. Kids will be excited to build, rebuild and build again. 3in1 sets keep them happy for countless hours and offer a range of models that appeal to their biggest passions, including superfast vehicles, amazing animals and detailed city scenes.

3 retro models in 1 box ‚Äì Boys and girls aged 8+ can build and rebuild 3 different pop culture icons using the same bricks with this LEGO¬Æ Creator Retro Roller Skate toy
Endless play possibilities ‚Äì Kids can play out their own stories with 3 different retro models: a roller skate toy, a mini skateboard toy and a boom box radio toy
Movable toys ‚Äì The roller skate toy has 4 moving pink wheels to push it around, while the mini skateboard also has 4 moving wheels so kids can enjoy fast-paced adventures
Display models ‚Äì All 3 LEGO¬Æ retro models can stand alone and make eye-catching display items for kids after they have finished their playtime adventures
Birthday or holiday gift for ages 8 and up ‚Äì This 3in1 toy provides a fun build-and-play experience and can be given as a birthday gift to creative kids
More 3in1 fun ‚Äì Expand the 3in1 fun with other sets (sold separately) from the LEGO¬Æ Creator range
LEGO¬Æ Creator toys ‚Äì Each 3in1 set lets kids build 3 different models inspired bysome of their biggest passions, including animals, vehicles and detailed city scenes
Build and play ‚Äì This 342-piece LEGO¬Æ building set features a roller skate toy measuring over 5.5 in. (14 cm) high, 6.5 in. (16 cm) long and 3 in. (7 cm) wide",Colorful - Personal
31,The Madrigal House,2021,587,50,https://www.lego.com/cdn/cs/set/assets/blt2ca5e68542c05dd8/43202_.png?format=webply&fit=bounds&quality=75&width=800&height=800&dpr=1,Brown,Red,"Disney‚Äôs Encanto fans of all ages will love this colorful LEGO¬Æ «Ä Disney The Madrigal House (43202) set. The kit features a 3-level house, a sticker sheet for decorating it, printed building instructions and digital Instructions PLUS. Using the LEGO Building Instructions app, kids can zoom, rotate and see the model on screen. The guided process lets even youngsters feel like master builders‚Ä¶ awesome!

Play all day
This buildable toy inspires endless play, with color, functions and details toappeal to a child‚Äôs sense of magic. It‚Äôs full of imaginative accessories, including an accordion, gramophone and umbrella, and can be played with independently or combined with other LEGO «Ä Disney sets (sold separately).

Iconic movie characters
This LEGO «Ä Disney set comes with 2 mini-doll figures and 1 micro-doll figure ‚Äì Disney‚Äôs Abuela, Mirabel and Antonio ‚Äì plus capybara and butterfly LEGO figures. This premium building toy makes a cool gift for kids who want to set trends on the playground.

Give a Disney fan a magical house full of color and surprises with this special LEGO¬Æ «Ä Disney The Madrigal House (43202) set. The adventure starts with opening the box!
Discover who lives inside! This 587-piece set features 3 levels, a spinning weather vane, flipping bed and waving shutters, a unique sticker sheet, plus plenty of accessories for endless stories.
Featuring Disney‚Äôs Abuela and Mirabel mini-doll figures, an Antonio micro-doll figure, plus Chispi and butterfly LEGO¬Æ figures, this colorful, 3-level set is made for creative fun.
Any Disney‚Äôs Encanto fan aged 6 and up will be thrilled with this on-trend gift. The house includes multiple rooms, different functions from the movie, plus features and accessories to inspire play.
Endless imaginative fun. With the casa measuring over 10 in. (26 cm) high, 8 in. (20 cm) wide and 4 in. (10 cm) deep, this set is perfect for extended play periods and looks great on display.
Want to give kids a more awesome building experience? Now you can with digital Instructions PLUS. With intuitive modes like zoom, rotate and ghost, it‚Äôs LEGO¬Æ building for the digital age!
With detailed mini- and micro-doll figures and a colorful house build, this Disney‚Äôs Encanto buildable toy encourages open creative play that helps build important life skills with fun.
LEGO¬Æ pieces meet rigorous industry standards to ensure they are consistent, compatible and connect and pull apart reliably every time ‚Äì it‚Äôs been that way since 1958.
LEGO¬Æ pieces are dropped, heated, crushed, twisted and analyzed to make sure they meet strict global safety standards.",Colorful - Structure - Disney
32,Paris,2019,649,50,https://www.lego.com/cdn/cs/set/assets/bltfd3e8e59d950ac57/21044.jpg?format=webply&fit=bounds&quality=75&width=800&height=800&dpr=1,Grey,Black,"Bring together iconic Paris landmarks with this magnificent Paris skyline model. The 21044 LEGO¬Æ Architecture Skyline Collection set features the Arc de Triomphe, Champs-Elys√©es, Tour Montparnasse, Grand Palais, Eiffel Tower and the Louvre, and is finished with grass and tree areas and a decorative Paris nameplate. This set has been designed to deliver a rewarding and relaxing building experience to all with an interest in architecture, travel, history and design, and makes a truly ‚Äúmagnifique‚Äù centerpiece for the home or office. Each skyline model is scaled to give an accurate representation of the comparative size of the featured structures, with realistic color depiction.

LEGO¬Æ Architecture interpretation of Paris.
Features a selection of Paris‚Äôs famous landmarks, including the Arc de Triomphe, Champs-Elys√©es, Tour Montparnasse, Grand Palais, Eiffel Tower and the Louvre, plus grass and tree areas.
The included booklet contains information about the designer, architecture and history of each structure, as well as historical facts about Paris and its architectural heritage. (French and English languages only. Other languages available for download at LEGO.com/architecture.)
Includes a 4x32 tiled base with decorative Paris nameplate.
Recreate the world's most dynamic cities with the LEGO¬Æ Architecture Skyline Collection.
LEGO¬Æ Architecture sets celebrate the world of architecture through the medium of the LEGO brick, and are developed for all with an interest in travel, design, architecture and history.
This set includes over 694 pieces.
Measures over 8‚Äù (22cm) high, 11‚Äù (28cm) wide and 4‚Äù (11cm) deep.",Structure
33,Space Astronaut,2024,647,55,https://www.lego.com/cdn/cs/set/assets/blt2ab62c2c368f72f6/31152.png?format=webply&fit=bounds&quality=75&width=800&height=800&dpr=1,White,Grey,"LEGO¬Æ fans aged 9+ can blast into space to explore new planets by recreating space adventures with this LEGO Creator Space Astronaut (31152) building toy. The astronaut figure includes a detachable jet propulsion backpack, posable legs, feet, arms and fingers and a golden opening visor with a seat inside for a minifigure (not included).

Boys and girls can build 3 different space playsets: a posable space astronaut, a futuristic space dog with posable legs and tail, or a space viper jet with a se at for a minifigure (not included) to pilot it. All 3 models make great space-themed creative gifts and come with stands for display.

LEGO Creator 3in1 toys make great gifts for kids with 3 different models to create in every box. Kids will be excited to build, rebuild and build again. 3in1 sets keep them happy for countless hours and offer a range of models that appeal to their biggest passions, including superfast vehicles, amazing animals and detailed city scenes.

3 LEGO¬Æ space toys in 1 box ‚Äì Boys and girls aged 9+ who love space can build and rebuild 3 different sets using the same set of bricks with this LEGO Creator Space Astronaut toy
Endless space play possibilities ‚Äì Kids can play out daring stories among the stars with 3 different space playsets: an astronaut figure, a space dog and a space viper jet
Posable space figures ‚Äì The astronaut toy has posable legs, feet, arms and fingers, and the space dog has a posable tail and legs so kids can choose how to position them
Display models ‚Äì All 3 LEGO¬Æ space models come with brick-built stands so kids can display them in their bedrooms after enjoying playtime adventures
Space-themed birthday gift ‚Äì This 3in1 toy provides a fun build-and-play experience and can be given as birthday gift to inspire countless hours of role-play action
A fun way to build ‚Äì The LEGO¬Æ Builder app takes kids on an intuitive building adventure, letting them save sets, track progress and zoom in on and rotate models in 3D while they build
LEGO¬Æ Creator toys ‚Äì Every 3in1 set lets kids build 3 different models inspired by some of their biggest passions, including animals, vehicles and detailed city scenes
Build and play ‚Äì This 647-piece LEGO¬Æ set featuresa buildable astronaut toy standing over 10.5 in. (27 cm) tall",Character - Vehicle - Flight
34,"""Up"" House",2023,598,60,https://www.lego.com/cdn/cs/set/assets/bltde655e8359417b7d/43217.png?format=webply&fit=bounds&quality=75&width=800&height=800&dpr=1,Grey,Yellow,"Adventure awaits Disney fans aged 9 and up with this fun LEGO¬Æ «Ä Disney and Pixar ‚ÄòUp‚Äô House (43217). The set that everyone will be talking about includes a detailed section of the iconic house with a chimney and balloons, 2 LEGO minifigures, a LEGO dog figure, a wilderness explorer backpack and an adventure book. Kids can also enjoy an easy and intuitive building adventure with the LEGO Builder app, which lets them zoom in and rotate models in 3D, save sets and track their progress.

Buildable memories
Based on the Disney and Pixar movie Up, this set will appeal to movie fans and older kids with its many details and challenging build. Designed for play and display, it inspires imaginative adventures and can take pride of place on a shelf once play is done.

Iconic characters
This set comes with 2 LEGO minifigures, Carl Fredricksen and Russell, plus a Dug LEGO dog figure. This premium building toy makes a fun gift for adult fans of Up or older kids who want to join the hottest trend.

Endless inspiration ‚Äì Give a movie fan or any kid who lives for high-flying adventures a gift full of details to inspire the imagination with this LEGO¬Æ «Ä Disney and Pixar ‚ÄòUp‚Äô House (43217) set
Creativity in a box ‚Äì This 598-piece set includes a partial house build with balloons, different rooms and functions, 2 minifigures, a LEGO¬Æ animal figure and plenty of accessories to spark play
Beloved characters ‚Äì With Disney and Pixar‚Äôs Carl Fredricksen and Russell LEGO¬Æ minifigures, plus a Dug LEGO dog figure, the set is made for unlimited adventures on land or floating through the clouds
Impressive gift for ages 9+ ‚Äì Disney and Pixar fans with a passion for adventure will enjoy this set full of imaginative possibilities, with a house based on an iconic movie
Unlimited play ‚Äì With the house measuring over 10.5 in. (27 cm) high, 6 in. (15 cm) wide and 4 in. (11 cm) deep, this set is made for endless play sessions or display in kids‚Äô (or adults‚Äô) rooms
A new way to build ‚Äì The LEGO¬Æ Builder app guides kids on an intuitive building adventure. They can save sets, track progress and zoom in and rotate models in 3D while they build
Important life skills ‚Äì With detailed minifigures and a recognizable build, this Disney and Pixar construction set encourages open creative play that builds vital life skills through fun
Uncompromising quality ‚Äì Ever since 1958, LEGO¬Æ components have met stringent industry standards to ensure they connect consistently
Safety first ‚ÄìLEGO¬Æ components are dropped, heated, crushed, twisted and analyzed to make sure they meet rigorous global safety standards",Minifig - Structure
35,Street Skate Park,2023,454,68,https://www.lego.com/cdn/cs/set/assets/bltdd02a77fc7599129/60364.png?format=webply&fit=bounds&quality=75&width=800&height=800&dpr=1,Orange,Grey,"Kids and skate fans aged 6+ will love this LEGO¬Æ City Street Skate Park set (60364). It‚Äôs packed with inspiration for imaginative play and comes with combinable ramp modules for different park configurations. The set also includes a toy BMX bike, skateboard, scooter, in-line skates, 4 skater minifigures and a LEGO Road Plate for connection to other sets from the LEGO City range.

An immersive build-and-play experience
The set includes an easy-to-follow printed building guide, and there are digital instructions in the LEGO Builder app. With this intuitive building companion, kids can zoom in and rotate and visualize models from all angles as they build. The app also enables them to track the building process and explore and save virtual playsets.

Cool, creative toys for kids
LEGO City playsets come with feature-rich buildings, realistic vehicles and fun characters that stimulate open-ended imaginative role play based on everyday heroes and real-life events.

Skate park playset ‚Äì Send kids‚Äô imaginations soaring with this LEGO¬Æ City Street Skate Park (60364), with combinable ramp modules for different park configurations
What‚Äôs in the box? ‚Äì Everything kids need to build a toy skate park with modular ramps and equipment for all kinds of stunts, plus a BMX bike, skateboard, scooter, in-line skates and 4 minifigures
Expand your city ‚Äì Includes a LEGO¬Æ Road Plate for connection to other sets in the LEGO City range
A gift for any occasion ‚Äì This LEGO¬Æ City Street Skate Park makes a fun birthday, holiday or any-other-day gift for kids aged 6 and up
Dimensions ‚Äì In its standard configuration, the toy skatepark set measures over 7.5 in. (19 cm) high, 17.5 in. (44 cm) wide and 10 in. (25 cm) deep
LEGO¬Æ minifigure accessories ‚Äì Includes a toy bike, skateboard, in-line skates, scooter and a cell phone
Includes an interactive guide ‚Äì Discover the LEGO¬Æ Builder app. Here kids can explore and save virtual playsets, track building progress, zoom in and rotate and view models in 3D while they build
Action without limits ‚Äì Unleash more fun and adventures when you combine this set with others from the LEGO¬Æ City range
Toys you can rely on ‚Äì All LEGO¬Æ components meet strict industry standards to ensure they are consistent, compatible and fun to build with: it‚Äôs been that way since 1958
Tested to the max ‚Äì LEGO¬Æ bricks and pieces are dropped, heated, crushed, twisted and analyzed to make sure they meet stringent global standards for safety",Minifig - Structure - Colorful
36,Typewriter,2021,2079,250,https://www.lego.com/cdn/cs/set/assets/blt505d24ad41366851/21327.jpg?format=webply&fit=bounds&quality=75&width=800&height=800&dpr=1,Green,Black,"Unplug from your digital life and recall simpler times as you build a LEGO¬Æ Ideas model of an old-fashioned typewriter (21327). The design is inspired by the classic typewriter used by the LEGO Group‚Äôs founder Ole Kirk Kristiansen, and it moves and sounds just like the real thing. The brick-built center typebar rises each time a letter key is pressed and is linked to the carriage that moves across as you type. There is also a platen roller that you can feed real paper into.

Created by a LEGO fan for fans
Created by a LEGO fan and voted for by LEGO fans, this detailed typewriter model comes with a letter written by Thomas Kirk Kristiansen, a member of the fourth generation of the LEGO Group‚Äôs owner family ‚Äì slot his letter into the typewriter to complete a delightful display piece.

Top gift
Part of a collection of premium-quality LEGO building kits for adults, this model comes with clear instructions and makes the best gift for yourself, LEGO fans, writers and lovers of all things retro.

Spark nostalgic feelings and the curiosity of younger fans who have never seen a typewriter before with this LEGO¬Æ Ideas build-and-display model (21327) that moves and sounds like the real thing.
Features a center typebar that rises each time a letter key is pressed, linked to a carriage that moves across as you type, plus a platen roller that you can feed real paper into.
The design is inspired by the classic typewriter used by the LEGO Group‚Äôs founder Ole Kirk Kristiansen.
Includes a booklet with 43 language versions of a letter written and signed by Thomas Kirk Kristiansen of the LEGO Group‚Äôs owner family. Choose your language and put the letter in the typewriter.
Great for spending quality time alone or with the family, this nostalgic, collectible model makes a unique birthday or holiday gift for yourself, LEGO¬Æ fans, writers and lovers of all things retro.
The typewriter model measures over 4.5 in. (11 cm) high, 10.5 in. (27 cm) wide and 10.5 in. (26 cm) deep and is a delightful display piece to photograph and share pictures of with friends.
The 2,079-piece buildable model also comes with an illustrated booklet featuring the set‚Äôs fan designer and LEGO¬Æ designers, plus step-by-step instructions to guide you through this challenging build.
This building set for adults is part of a collection of exciting LEGO¬Æ Ideas models, each created by a fan designer, voted for by thousands of LEGO fans and produced by the LEGO Group.
Ever since 1958, LEGO¬Æ components have met stringent industry standards to ensure that they are compatible and connect consistently for robust builds.
LEGO¬Æ bricks and pieces are tested in almost every way imaginable to make sure that they meet demanding global safety standards.",Energy
37,Talking Sorting Hat,2024,561,100,https://www.lego.com/cdn/cs/set/assets/blt47c94c595257dd3a/76429.png?format=webply&fit=bounds&quality=75&width=800&height=800&dpr=1,Brown,Black,"Immerse yourself in a spellbinding build with this Hogwarts‚Ñ¢ Talking Sorting Hat‚Ñ¢ (76429), the first-ever LEGO¬Æ Harry Potter‚Ñ¢ set with a sound brick to bring this display model to life. Tip the top of the hat or place it on your head to activate the voice of the Sorting Hat and find out which Hogwarts house it selects for you. Listen out for the Sorting Hat Song every now and then, too.

Place the hat on the stand, which features Gryffindor‚Ñ¢, Slytherin‚Ñ¢, Hufflepuff‚Ñ¢ and Ravenclaw‚Ñ¢ crest decorations. This unique LEGO set also includes a Harry Potter character minifigure wearing a Sorting Hat to complete a special display.

This buildable, adventure movie-themed set makes a magical treat for yourself, a present for moms or dads who are into the Wizarding World and the best gift for other adult Harry Potter movie-lovers.

Adventure movie-themed gift for adults ‚Äì Escape to the magical Wizarding World with this buildable LEGO¬Æ Harry Potter‚Ñ¢ Hogwarts‚Ñ¢ Talking Sorting Hat‚Ñ¢ display model‚Ä¶ which actually speaks
Randomized sound brick (batteries included) ‚Äì Tip the top of the hat or place it on your head to activate 1 of 31 randomized sounds and find out which Hogwarts‚Ñ¢ house the hat selects for you
Display stand with Harry Potter‚Ñ¢ character minifigure ‚Äì The display stand features Gryffindor‚Ñ¢, Slytherin‚Ñ¢, Hufflepuff‚Ñ¢ and Ravenclaw‚Ñ¢ crest decorations, and Harry wears a Sorting Hat‚Ñ¢ element
Harry Potter‚Ñ¢ gift for adult fans ‚Äì Treat yourself or give this 561-piece LEGO¬Æ set as a birthday present or holiday gift to a fellow Harry Potter movie-lover or Wizarding World collector
Immerse yourself ‚Äì Enjoy every step of your build with the LEGO¬Æ Builder app, which lets you zoom and rotate the model in 3D, track your progress and save all your sets in one place
Collectible LEGO¬Æ Sets for Adults ‚Äì This LEGO Harry Potter‚Ñ¢ model kit is part of a collection of premium-quality building sets for adults like you who enjoy hands-on creative projects
Build, display and play ‚Äì The LEGO¬Æ Harry Potter‚Ñ¢ Talking Sorting Hat‚Ñ¢ model measures over 9.5 in. (24 cm) high and 7.5 in. (19 cm) in diameter",Harry Potter - Character